<?xml version="1.0" encoding="UTF-8"?>
<!DOCTYPE hibernate-configuration PUBLIC
		"-//Hibernate/Hibernate Configuration DTD 3.0//EN"
		"http://www.hibernate.org/dtd/hibernate-configuration-3.0.dtd">
<hibernate-configuration>
	<session-factory>
		<property name="hibernate.connection.driver_class">com.mysql.jdbc.Driver</property>
		<property name="hibernate.connection.url">jdbc:mysql://localhost:3306/sys</property>
		<property name="hibernate.connection.username">root</property>
		<property name="hibernate.connection.password">root</property>
		<property name="hibernate.dialect">org.hibernate.dialect.MySQL5Dialect</property>
		<property name="hibernate.show_sql">true</property>
		<property name="hibernate.format_sql">true</property>
		<property name="hibernate.hbm2ddl.auto">update</property>


		<!-- <property name="hibernate.jdbc.time_zone" >UTC</property> -->
		<mapping class="com.virtusa.model.User" />
		<mapping class="com.virtusa.model.Product" />
		<mapping class="com.virtusa.model.Category" />
		<mapping class="com.virtusa.model.DealerProduct" />
		<mapping class="com.virtusa.model.Item" />
	</session-factory>
</hibernate-configuration>
    