<?xml version="1.0" encoding="UTF-8"?>
<beans xmlns="http://www.springframework.org/schema/beans"
	xmlns:xsi="http://www.w3.org/2001/XMLSchema-instance"
	xmlns:context="http://www.springframework.org/schema/context"
	xmlns:mvc="http://www.springframework.org/schema/mvc"
	xmlns:tx="http://www.springframework.org/schema/tx"
	xsi:schemaLocation="http://www.springframework.org/schema/mvc http://www.springframework.org/schema/mvc/spring-mvc-4.3.xsd
		http://www.springframework.org/schema/beans https://www.springframework.org/schema/beans/spring-beans-4.3.xsd
		http://www.springframework.org/schema/context http://www.springframework.org/schema/context/spring-context-4.3.xsd
		http://www.springframework.org/schema/tx http://www.springframework.org/schema/tx/spring-tx-4.3.xsd">


	<!-- Controllers -->
	<context:component-scan
		base-package="com.virtusa,com.virtusa.validator"/>
	<mvc:annotation-driven />
	<context:annotation-config />
	<!-- ViewResolver cfg -->
	<bean
		class="org.springframework.web.servlet.view.InternalResourceViewResolver">
		<property name="prefix" value="/WEB-INF/views/" />
		<property name="suffix" value=".jsp" />
	</bean>
	<mvc:resources mapping="/css/**" location="/WEB-INF/css/" />
	<mvc:resources mapping="/images/**"
		location="/WEB-INF/images/" />
	<bean id="multipartResolver"
		class="org.springframework.web.multipart.commons.CommonsMultipartResolver"></bean>

 <!-- properites file -->
  <bean id="messageSource"  class="org.springframework.context.support.ResourceBundleMessageSource">
      <property name="basename"  value="com/virtusa/commons/Validation"/>
  </bean>

</beans>