<?xml version="1.0" encoding="UTF-8"?>
<beans xmlns="http://www.springframework.org/schema/beans"
	xmlns:xsi="http://www.w3.org/2001/XMLSchema-instance"
	xmlns:context="http://www.springframework.org/schema/context"
	xmlns:p="http://www.springframework.org/schema/p"
	xmlns:tx="http://www.springframework.org/schema/tx"
	xsi:schemaLocation="http://www.springframework.org/schema/beans
    http://www.springframework.org/schema/beans/spring-beans.xsd
    http://www.springframework.org/schema/context
    http://www.springframework.org/schema/context/spring-context.xsd 
     http://www.springframework.org/schema/tx
    http://www.springframework.org/schema/tx/spring-tx.xsd   
    ">
	<tx:annotation-driven />

	<context:component-scan
		base-package="com.virtusa" />




	<!-- data source -->
	<!-- <bean class="org.springframework.jdbc.datasource.DriverManagerDataSource" 
		name="ds"> <property name="driverClassName" value="com.mysql.jdbc.Driver" 
		/> <property name="url" value="jdbc:mysql://localhost:3306/sys" /> <property 
		name="username" value="root" /> <property name="password" value="root" /> 
		</bean> -->


	<!-- LocalSessionFactoryBean -->



	<!-- data source <property name="dataSource" ref="ds"></property> hibernate 
		properties <property name="hibernateProperties"> <props> <prop key="hibernate.dialect">org.hibernate.dialect.MySQL5Dialect</prop> 
		<prop key="hibernate.show_sql">true</prop> <prop key="hibernate.hbm2ddl.auto">create</prop> 
		</props> </property> annotated classes <property name="annotatedClasses"> 
		<list> <value>com.virtusa.model.DealerProduct</value> </list> </property> 
		</bean> -->

	<bean
		class="org.springframework.orm.hibernate5.LocalSessionFactoryBean"
		name="factory">
		<property name="configLocation"
			value="classpath:hibernate.cfg.xml" />
	</bean>
	<bean class="org.springframework.orm.hibernate5.HibernateTemplate"
		name="hibernateTemplate">
		<property name="sessionFactory" ref="factory"></property>
		<property name="checkWriteOperations" value="false"></property>
	</bean>


	<!-- <bean class="org.springframework.orm.hibernate5.HibernateTransactionManager" 
		name="transactionManager"> <property name="sessionFactory" ref="factory"></property> 
		</bean> -->





</beans>